{"parent":"builtin/entity","gui_light":"front","textures":{"particle":"block/dark_oak_planks"},"display":{"thirdperson_righthand":{"rotation":[45,135,0],"translation":[3.51,11,-2]},"thirdperson_lefthand":{"rotation":[45,135,0],"translation":[13.51,3,5]},"firstperson_righthand":{"rotation":[0,180,-5],"translation":[0,4,-11],"scale":[0.625,0.625,0.625]},"firstperson_lefthand":{"rotation":[0,180,-5],"translation":[10,4,-11],"scale":[0.625,0.625,0.625]},"gui":{"rotation":[15,-25,-5],"translation":[2,3,0],"scale":[0.65,0.65,0.65]}}}
