{"parent":"builtin/entity","textures":{"particle":"item/trident"},"gui_light":"front","overrides":[{"predicate":{"throwing":1},"model":"item/trident_throwing"}],"display":{"thirdperson_righthand":{"rotation":[0,60,0],"translation":[11,17,-2]},"thirdperson_lefthand":{"rotation":[0,60,0],"translation":[3,17,12]},"firstperson_righthand":{"rotation":[0,-90,25],"translation":[-3,10,1],"scale":[0.5,0.5,0.5]},"firstperson_lefthand":{"rotation":[0,90,-25],"translation":[5,10,1],"scale":[0.5,0.5,0.5]},"ground":{"translation":[4,4,2],"scale":[0.25,0.25,0.25]},"gui":{"rotation":[15,-25,-5],"translation":[2,3,0],"scale":[0.65,0.65,0.65]},"fixed":{"rotation":[0,180,0],"translation":[-2,4,-5],"scale":[0.5,0.5,0.5]}}}
